,0,1,2,3,4,5,6,7,8,9,10,11,12,13,14,15,16,17,18,19,20,21,22,23,24,25,26,27,28,29,30,31,32,33,34,35,36,37,38,39,40,41,42,43,44
0,DATE,SOURCE_ID,EXTERNAL_REFERENCE,RECORD_TYPE,DESCRIPTION,NET_CREDIT_AMOUNT,NET_DEBIT_AMOUNT,GROSS_AMOUNT,SELLER_AMOUNT,MP_FEE_AMOUNT,FINANCING_FEE_AMOUNT,SHIPPING_FEE_AMOUNT,TAXES_AMOUNT,COUPON_AMOUNT,INSTALLMENTS,PAYMENT_METHOD,TAX_DETAIL,TAX_AMOUNT_TELCO,TRANSACTION_APPROVAL_DATE,POS_ID,POS_NAME,EXTERNAL_POS_ID,STORE_ID,STORE_NAME,EXTERNAL_STORE_ID,CURRENCY,TAXES_DISAGGREGATED,SHIPPING_ID,SHIPMENT_MODE,ORDER_ID,PACK_ID,METADATA,EFFECTIVE_COUPON_AMOUNT,POI_ID,CARD_INITIAL_NUMBER,OPERATION_TAGS,ITEM_ID,POI_BANK_NAME,POI_WALLET_NAME,BUSINESS_UNIT,SUB_UNIT,BALANCE_AMOUNT,PAYOUT_BANK_ACCOUNT_NUMBER,PRODUCT_SKU,SALE_DETAIL
1,2023-12-31T00:00:00.000-03:00,,,initial_available_balance,,47863.42,0.00,47863.42,0.00,0.00,0.00,0.00,0.00,0.00,1,,,0.00,,,,,,,,,,,,,,,,,,,,,,,,47863.42,,,
2,2023-12-31T07:11:52.000-03:00,68507952754,2000007107156944,release,payment,2212.75,0.00,2650.00,0.00,-437.25,0.00,0.00,0.00,0.00,1,master,,0.00,2023-12-10T09:58:26.000-03:00,,,,,,,BRL,"""[]""",42890703844,custom,2000007107156944,,"""{""official_store_id"":null}""",0.00,,534520,,MLB3428434259,,,Mercado Libre, ,50076.17,,,"""""""Bebedouro Industrial 100  - Ideal P Academia Escolas Igrejas"""""""
3,2023-12-31T11:08:08.000-03:00,67884783703,2000007045006248,release,payment,2212.75,0.00,2650.00,0.00,-437.25,0.00,0.00,0.00,0.00,1,pix,,0.00,2023-12-03T12:06:11.000-03:00,,,,,,,BRL,"""[]""",42864116170,custom,2000007045006248,,"""{""official_store_id"":null}""",0.00,,,pix,MLB3428434259,,,Mercado Libre, ,52288.92,,,"""""""Bebedouro Industrial 100  - Ideal P Academia Escolas Igrejas"""""""
4,2024-01-01T07:06:42.000-03:00,68108907092,2000007051188056,release,payment,2212.75,0.00,2650.00,0.00,-437.25,0.00,0.00,0.00,0.00,1,visa,,0.00,2023-12-04T08:02:46.000-03:00,,,,,,,BRL,"""[]""",42866629758,custom,2000007051188056,,"""{""official_store_id"":null}""",0.00,,467567,,MLB3428434259,,,Mercado Libre, ,54501.67,,,"""""""Bebedouro Industrial 100  - Ideal P Academia Escolas Igrejas"""""""
5,2024-01-01T07:25:26.000-03:00,67922261985,2000007051269100,release,payment,1918.83,0.00,2298.00,0.00,-379.17,0.00,0.00,0.00,0.00,1,visa,,0.00,2023-12-04T08:24:49.000-03:00,,,,,,,BRL,"""[]""",42866671500,custom,2000007051269100,,"""{""official_store_id"":null}""",0.00,,441174,,MLB1346937656,,,Mercado Libre, ,56420.50,,,"""""""Bebedouro Refrigerador Industrial Inox 50 Litros C/ Filtro"""""""
6,2024-01-01T11:50:21.000-03:00,68124958888,2000007053510856,release,reserve_for_dispute,0.00,1918.83,-1918.83,0.00,0.00,0.00,0.00,0.00,0.00,10,master,,0.00,2024-01-01T11:50:21.000-03:00,,,,,,,BRL,"""[]""",42867539023,custom,2000007053510856,,"""{""official_store_id"":null}""",0,,550209,,MLB1346937656,,,Mercado Libre, ,54501.67,,,"""""""Bebedouro Refrigerador Industrial Inox 50 Litros C/ Filtro"""""""
7,2024-01-01T11:52:10.000-03:00,68124958888,2000007053510856,release,payment,1918.83,0.00,2298.00,0.00,-379.17,0.00,0.00,0.00,0.00,1,master,,0.00,2023-12-04T12:54:34.000-03:00,,,,,,,BRL,"""[]""",42867539023,custom,2000007053510856,,"""{""official_store_id"":null}""",0.00,,550209,,MLB1346937656,,,Mercado Libre, ,56420.50,,,"""""""Bebedouro Refrigerador Industrial Inox 50 Litros C/ Filtro"""""""
8,2024-01-01T16:35:30.000-03:00,68352118231,2000007112664316,release,payment,2212.75,0.00,2650.00,0.00,-437.25,0.00,0.00,0.00,0.00,1,master,,0.00,2023-12-10T21:31:16.000-03:00,,,,,,,BRL,"""[]""",42892904891,custom,2000007112664316,,"""{""official_store_id"":null}""",0.00,,516096,,MLB3428434259,,,Mercado Libre, ,58633.25,,,"""""""Bebedouro Industrial 100  - Ideal P Academia Escolas Igrejas"""""""
9,2024-01-01T21:25:44.000-03:00,67972200055,2000007059112754,release,payment,1918.83,0.00,2298.00,0.00,-379.17,0.00,0.00,0.00,0.00,1,visa,,0.00,2023-12-04T22:24:21.000-03:00,,,,,,,BRL,"""[]""",42870062252,custom,2000007059112754,,"""{""official_store_id"":null}""",0.00,,406669,,MLB1346937656,,,Mercado Libre, ,60552.08,,,"""""""Bebedouro Refrigerador Industrial Inox 50 Litros C/ Filtro"""""""
10,2024-01-02T04:58:08.000-03:00,1029426244644,,release,asset_management,13.41,0.00,13.41,0.00,0.00,0.00,0.00,0.00,0.00,1,available_money,,0.00,2024-01-02T04:58:08.000-03:00,,,,,,,BRL,"""[]""",,,,,"""{}""",0.00,,,,,,,,,60565.49,,,
11,2024-01-02T09:17:29.000-03:00,67988970247,2000007062135246,release,payment,1918.83,0.00,2298.00,0.00,-379.17,0.00,0.00,0.00,0.00,1,visa,,0.00,2023-12-05T10:19:27.000-03:00,,,,,,,BRL,"""[]""",42871347300,custom,2000007062135246,,"""{""official_store_id"":null}""",0.00,,498431,,MLB1346937656,,,Mercado Libre, ,62484.32,,,"""""""Bebedouro Refrigerador Industrial Inox 50 Litros C/ Filtro"""""""
12,2024-01-02T22:04:00.000-03:00,68039624411,2000007069525246,release,payment,1918.83,0.00,2298.00,0.00,-379.17,0.00,0.00,0.00,0.00,1,master,,0.00,2023-12-05T23:03:53.000-03:00,,,,,,,BRL,"""[]""",42874427961,custom,2000007069525246,,"""{""official_store_id"":null}""",0.00,,516292,,MLB1346937656,,,Mercado Libre, ,64403.15,,,"""""""Bebedouro Refrigerador Industrial Inox 50 Litros C/ Filtro"""""""
13,2024-01-03T01:06:58.000-03:00,67734044394,2000006999491336,release,reserve_for_dispute,0.00,2212.75,-2212.75,0.00,0.00,0.00,0.00,0.00,0.00,10,master,,0.00,2024-01-03T01:06:58.000-03:00,,,,,,,BRL,"""[]""",42844403054,custom,2000006999491336,,"""{""official_store_id"":null}""",0,,534516,,MLB3428434259,,,Mercado Libre, ,62190.40,,,"""""""Bebedouro Industrial 100  - Ideal P Academia Escolas Igrejas"""""""
14,2024-01-03T04:40:42.000-03:00,1029458357343,,release,asset_management,21.18,0.00,21.18,0.00,0.00,0.00,0.00,0.00,0.00,1,available_money,,0.00,2024-01-03T04:40:42.000-03:00,,,,,,,BRL,"""[]""",,,,,"""{}""",0.00,,,,,,,,,62211.58,,,
15,2024-01-03T10:21:41.000-03:00,68247951494,2000007072863320,release,payment,2212.75,0.00,2650.00,0.00,-437.25,0.00,0.00,0.00,0.00,1,visa,,0.00,2023-12-06T11:20:33.000-03:00,,,,,,,BRL,"""[]""",42875979834,custom,2000007072863320,,"""{""official_store_id"":null}""",0.00,,412177,,MLB3428434259,,,Mercado Libre, ,64424.33,,,"""""""Bebedouro Industrial 100  - Ideal P Academia Escolas Igrejas"""""""
16,2024-01-03T12:36:38.000-03:00,68070566515,2000007071197394,release,payment,2212.75,0.00,2650.00,0.00,-437.25,0.00,0.00,0.00,0.00,1,master,,0.00,2023-12-06T13:37:44.000-03:00,,,,,,,BRL,"""[]""",42875230028,custom,2000007071197394,,"""{""official_store_id"":null}""",0.00,,520048,,MLB3428434259,,,Mercado Libre, ,66637.08,,,"""""""Bebedouro Industrial 100  - Ideal P Academia Escolas Igrejas"""""""
17,2024-01-03T12:43:01.000-03:00,68258421444,2000007074232976,release,payment,2212.75,0.00,2650.00,0.00,-437.25,0.00,0.00,0.00,0.00,1,pix,,0.00,2023-12-06T13:42:46.000-03:00,,,,,,,BRL,"""[]""",42876453567,custom,2000007074232976,,"""{""official_store_id"":null}""",0.00,,,pix,MLB3428434259,,,Mercado Libre, ,68849.83,,,"""""""Bebedouro Industrial 100  - Ideal P Academia Escolas Igrejas"""""""
18,2024-01-03T12:54:06.000-03:00,68124958888,2000007053510856,release,reserve_for_dispute,1918.83,0.00,1918.83,0.00,0.00,0.00,0.00,0.00,0.00,10,master,,0.00,2024-01-03T12:54:06.000-03:00,,,,,,,BRL,"""[]""",42867539023,custom,2000007053510856,,"""{""official_store_id"":null}""",0,,550209,,MLB1346937656,,,Mercado Libre, ,70768.66,,,"""""""Bebedouro Refrigerador Industrial Inox 50 Litros C/ Filtro"""""""
19,2024-01-03T13:11:21.000-03:00,68261257926,2000007074660370,release,payment,2133.84,0.00,2555.50,0.00,-421.66,0.00,0.00,0.00,0.00,1,master,,0.00,2023-12-06T14:12:42.000-03:00,,,,,,,BRL,"""[]""",42905926646,custom,2000007074660370,,"""{""official_store_id"":null}""",0.00,,516292,,MLB3517277315,,,Mercado Libre, ,72902.50,,,"""""""Bebedouro De Ãgua 100 Litros AÃ§o InoxidÃ¡vel Coluna 100l"""""""
20,2024-01-03T13:18:48.000-03:00,68366547963,2000007115381084,release,payment,1918.83,0.00,2298.00,0.00,-379.17,0.00,0.00,0.00,0.00,1,bolbradesco,,0.00,2023-12-13T02:51:47.000-03:00,,,,,,,BRL,"""[]""",42894139388,custom,2000007115381084,,"""{""official_store_id"":null}""",0.00,,,,MLB1346937656,,,Mercado Libre, ,74821.33,,,"""""""Bebedouro Refrigerador Industrial Inox 50 Litros C/ Filtro"""""""
21,2024-01-03T13:27:03.000-03:00,,,available_balance,pre_payout_69921073276,74821.33,0.00,74821.33,0.00,0.00,0.00,0.00,0.00,0.00,1,,,0.00,,,,,,,,,,,,,,,,,,,,,,,,74821.33,,,
22,2024-01-03T13:27:06.000-03:00,69921073276,,release,reserve_for_payout,0.00,30000.00,-30000.00,0.00,0.00,0.00,0.00,0.00,0.00,1,available_money,,0.00,2024-01-03T13:27:06.000-03:00,,,,,,,BRL,"""[]""",,,,,"""{}""",0,,,,,,,,,44821.33,,,
23,2024-01-03T13:27:08.000-03:00,69921073276,,release,reserve_for_payout,30000.00,0.00,30000.00,0.00,0.00,0.00,0.00,0.00,0.00,1,available_money,,0.00,2024-01-03T13:27:08.000-03:00,,,,,,,BRL,"""[]""",,,,,"""{}""",0,,,,,,,,,74821.33,,,
24,2024-01-03T13:27:08.000-03:00,69921073276,,release,payout,0.00,30000.00,-30000.00,0.00,0.00,0.00,0.00,0.00,0.00,1,available_money,,0.00,2024-01-03T13:27:08.000-03:00,,,,,,,BRL,"""[]""",,,,,"""{}""",0.00,,,,,,,,,44821.33,00998944,,
25,2024-01-03T13:27:11.000-03:00,,,available_balance,post_payout_69921073276,44821.33,0.00,44821.33,0.00,0.00,0.00,0.00,0.00,0.00,1,,,0.00,,,,,,,,,,,,,,,,,,,,,,,,44821.33,,,
26,2024-01-03T15:26:36.000-03:00,68778983826,2000007152370234,release,payment,2212.75,0.00,2650.00,0.00,-437.25,0.00,0.00,0.00,0.00,1,visa,,0.00,2023-12-14T17:03:01.000-03:00,,,,,,,BRL,"""[]""",42909957141,custom,2000007152370234,,"""{""official_store_id"":null}""",0.00,,422061,,MLB3428434259,,,Mercado Libre, ,47034.08,,,"""""""Bebedouro Industrial 100  - Ideal P Academia Escolas Igrejas"""""""
27,2024-01-03T15:51:41.000-03:00,68271565914,2000007076172874,release,payment,2212.75,0.00,2650.00,0.00,-437.25,0.00,0.00,0.00,0.00,1,visa,,0.00,2023-12-06T16:50:14.000-03:00,,,,,,,BRL,"""[]""",42877288099,custom,2000007076172874,,"""{""official_store_id"":null}""",0.00,,415275,,MLB3428434259,,,Mercado Libre, ,49246.83,,,"""""""Bebedouro Industrial 100  - Ideal P Academia Escolas Igrejas"""""""
28,2024-01-03T22:11:19.000-03:00,68824680408,2000007159116500,release,payment,2246.15,0.00,2690.00,0.00,-443.85,0.00,0.00,0.00,0.00,1,master,,0.00,2023-12-15T11:51:31.000-03:00,,,,,,,BRL,"""[]""",42912996204,custom,2000007159116500,,"""{""official_store_id"":null}""",0.00,,544839,,MLB3491287977,,,Mercado Libre, ,51492.98,,,"""""""Bebedouro De Ãgua 100 Litros AÃ§o InoxidÃ¡vel Coluna 100l"""""""
29,2024-01-04T07:30:12.000-03:00,1029488223214,,release,asset_management,21.09,0.00,21.09,0.00,0.00,0.00,0.00,0.00,0.00,1,available_money,,0.00,2024-01-04T07:30:12.000-03:00,,,,,,,BRL,"""[]""",,,,,"""{}""",0.00,,,,,,,,,51514.07,,,
30,2024-01-04T11:48:17.000-03:00,,,available_balance,pre_payout_69972729948,51514.07,0.00,51514.07,0.00,0.00,0.00,0.00,0.00,0.00,1,,,0.00,,,,,,,,,,,,,,,,,,,,,,,,51514.07,,,
31,2024-01-04T11:48:20.000-03:00,69972729948,,release,reserve_for_payout,0.00,30000.00,-30000.00,0.00,0.00,0.00,0.00,0.00,0.00,1,available_money,,0.00,2024-01-04T11:48:20.000-03:00,,,,,,,BRL,"""[]""",,,,,"""{}""",0,,,,,,,,,21514.07,,,
32,2024-01-04T11:48:22.000-03:00,69972729948,,release,reserve_for_payout,30000.00,0.00,30000.00,0.00,0.00,0.00,0.00,0.00,0.00,1,available_money,,0.00,2024-01-04T11:48:22.000-03:00,,,,,,,BRL,"""[]""",,,,,"""{}""",0,,,,,,,,,51514.07,,,
33,2024-01-04T11:48:22.000-03:00,69972729948,,release,payout,0.00,30000.00,-30000.00,0.00,0.00,0.00,0.00,0.00,0.00,1,available_money,,0.00,2024-01-04T11:48:22.000-03:00,,,,,,,BRL,"""[]""",,,,,"""{}""",0.00,,,,,,,,,21514.07,00998944,,
34,2024-01-04T11:48:25.000-03:00,,,available_balance,post_payout_69972729948,21514.07,0.00,21514.07,0.00,0.00,0.00,0.00,0.00,0.00,1,,,0.00,,,,,,,,,,,,,,,,,,,,,,,,21514.07,,,
35,2024-01-04T13:18:48.000-03:00,68143766547,2000007084874516,release,payment,2212.75,0.00,2650.00,0.00,-437.25,0.00,0.00,0.00,0.00,1,master,,0.00,2023-12-07T14:18:24.000-03:00,,,,,,,BRL,"""[]""",42881156742,custom,2000007084874516,,"""{""official_store_id"":null}""",0.00,,516292,,MLB3428434259,,,Mercado Libre, ,23726.82,,,"""""""Bebedouro Industrial 100  - Ideal P Academia Escolas Igrejas"""""""
36,2024-01-04T19:35:31.000-03:00,68359150822,2000007088239438,release,payment,2246.15,0.00,2690.00,0.00,-443.85,0.00,0.00,0.00,0.00,1,visa,,0.00,2023-12-07T20:32:48.000-03:00,,,,,,,BRL,"""[]""",42882616764,custom,2000007088239438,,"""{""official_store_id"":null}""",0.00,,407843,,MLB3491287977,,,Mercado Libre, ,25972.97,,,"""""""Bebedouro De Ãgua 100 Litros AÃ§o InoxidÃ¡vel Coluna 100l"""""""
37,2024-01-05T04:17:10.000-03:00,1029511799526,,release,asset_management,7.30,0.00,7.30,0.00,0.00,0.00,0.00,0.00,0.00,1,available_money,,0.00,2024-01-05T04:17:10.000-03:00,,,,,,,BRL,"""[]""",,,,,"""{}""",0.00,,,,,,,,,25980.27,,,
38,2024-01-05T10:25:29.000-03:00,68198277073,2000007092429312,release,payment,2212.75,0.00,2650.00,0.00,-437.25,0.00,0.00,0.00,0.00,1,master,,0.00,2023-12-08T11:23:35.000-03:00,,,,,,,BRL,"""[]""",42884312651,custom,2000007092429312,,"""{""official_store_id"":null}""",0.00,,535081,,MLB3428434259,,,Mercado Libre, ,28193.02,,,"""""""Bebedouro Industrial 100  - Ideal P Academia Escolas Igrejas"""""""
39,2024-01-05T13:28:36.000-03:00,68210936863,2000007094053294,release,payment,2212.75,0.00,2650.00,0.00,-437.25,0.00,0.00,0.00,0.00,1,master,,0.00,2023-12-08T14:27:38.000-03:00,,,,,,,BRL,"""[]""",42885012649,custom,2000007094053294,,"""{""official_store_id"":null}""",0.00,,524474,,MLB3428434259,,,Mercado Libre, ,30405.77,,,"""""""Bebedouro Industrial 100  - Ideal P Academia Escolas Igrejas"""""""
40,2024-01-07T17:07:57.000-03:00,68646886401,2000007160923778,release,payment,4492.30,0.00,5380.00,0.00,-887.70,0.00,0.00,0.00,0.00,1,master,,0.00,2023-12-15T15:03:46.000-03:00,,,,,,,BRL,"""[]""",42930590461,custom,2000007160923778,,"""{""official_store_id"":null}""",0.00,,552693,,MLB3517277315,,,Mercado Libre, ,34898.07,,,"""""""Bebedouro De Ãgua 100 Litros AÃ§o InoxidÃ¡vel Coluna 100l"""""""
41,2024-01-08T04:48:56.000-03:00,1029539932589,,release,asset_management,8.82,0.00,8.82,0.00,0.00,0.00,0.00,0.00,0.00,1,available_money,,0.00,2024-01-08T04:48:56.000-03:00,,,,,,,BRL,"""[]""",,,,,"""{}""",0.00,,,,,,,,,34906.89,,,
42,2024-01-08T16:16:07.000-03:00,68588544916,2000007120459680,release,payment,1918.83,0.00,2298.00,0.00,-379.17,0.00,0.00,0.00,0.00,1,visa,,0.00,2023-12-11T17:13:51.000-03:00,,,,,,,BRL,"""[]""",42896216983,custom,2000007120459680,,"""{""official_store_id"":null}""",0.00,,407505,,MLB1346937656,,,Mercado Libre, ,36825.72,,,"""""""Bebedouro Refrigerador Industrial Inox 50 Litros C/ Filtro"""""""
43,2024-01-08T22:53:04.000-03:00,68985934602,2000007181657536,release,payment,2212.75,0.00,2650.00,0.00,-437.25,0.00,0.00,0.00,0.00,1,visa,,0.00,2023-12-18T00:13:54.000-03:00,,,,,,,BRL,"""[]""",42922442720,custom,2000007181657536,,"""{""official_store_id"":null}""",0.00,,485464,,MLB3428434259,,,Mercado Libre, ,39038.47,,,"""""""Bebedouro Industrial 100  - Ideal P Academia Escolas Igrejas"""""""
44,2024-01-08T23:48:56.000-03:00,67734044394,2000006999491336,release,reserve_for_dispute,2212.75,0.00,2212.75,0.00,0.00,0.00,0.00,0.00,0.00,10,master,,0.00,2024-01-08T23:48:56.000-03:00,,,,,,,BRL,"""[]""",42844403054,custom,2000006999491336,,"""{""official_store_id"":null}""",0,,534516,,MLB3428434259,,,Mercado Libre, ,41251.22,,,"""""""Bebedouro Industrial 100  - Ideal P Academia Escolas Igrejas"""""""
45,2024-01-08T23:59:57.000-03:00,67589105694,2000006978476576,release,reserve_for_dispute,2212.75,0.00,2212.75,0.00,0.00,0.00,0.00,0.00,0.00,10,visa,,0.00,2024-01-08T23:59:57.000-03:00,,,,,,,BRL,"""[]""",42835371871,custom,2000006978476576,,"""{""official_store_id"":null}""",0,,496045,,MLB3428434259,,,Mercado Libre, ,43463.97,,,"""""""Bebedouro Industrial 100  - Ideal P Academia Escolas Igrejas"""""""
46,2024-01-09T03:50:41.000-03:00,68337176952,2000007085560922,release,payment,1918.83,0.00,2298.00,0.00,-379.17,0.00,0.00,0.00,0.00,1,bolbradesco,,0.00,2023-12-12T04:51:28.000-03:00,,,,,,,BRL,"""[]""",42881333593,custom,2000007085560922,,"""{""official_store_id"":null}""",0.00,,,,MLB1346937656,,,Mercado Libre, ,45382.80,,,"""""""Bebedouro Refrigerador Industrial Inox 50 Litros C/ Filtro"""""""
47,2024-01-09T04:38:51.000-03:00,1029571707192,,release,asset_management,11.83,0.00,11.83,0.00,0.00,0.00,0.00,0.00,0.00,1,available_money,,0.00,2024-01-09T04:38:51.000-03:00,,,,,,,BRL,"""[]""",,,,,"""{}""",0.00,,,,,,,,,45394.63,,,
48,2024-01-09T09:27:51.000-03:00,68626097586,2000007127080992,release,payment,6638.25,0.00,7950.00,0.00,-1311.75,0.00,0.00,0.00,0.00,1,master,,0.00,2023-12-12T10:29:22.000-03:00,,,,,,,BRL,"""[]""",42899145772,custom,2000007127080992,,"""{""official_store_id"":null}""",0.00,,547408,,MLB3428434259,,,Mercado Libre, ,52032.88,,,"""""""Bebedouro Industrial 100  - Ideal P Academia Escolas Igrejas"""""""
49,2024-01-09T16:32:06.000-03:00,68403922514,2000007094682466,release,payment,1918.83,0.00,2298.00,0.00,-379.17,0.00,0.00,0.00,0.00,1,master,,0.00,2023-12-08T15:37:57.000-03:00,,,,,,,BRL,"""[]""",42885401212,custom,2000007094682466,,"""{""official_store_id"":null}""",0.00,,548474,,MLB1346937656,,,Mercado Libre, ,53951.71,,,"""""""Bebedouro Refrigerador Industrial Inox 50 Litros C/ Filtro"""""""
50,2024-01-10T03:25:54.000-03:00,68622337944,2000007126517200,release,payment,2246.15,0.00,2690.00,0.00,-443.85,0.00,0.00,0.00,0.00,1,bolbradesco,,0.00,2023-12-13T04:27:20.000-03:00,,,,,,,BRL,"""[]""",42898771089,custom,2000007126517200,,"""{""official_store_id"":null}""",0.00,,,,MLB3491287977,,,Mercado Libre, ,56197.86,,,"""""""Bebedouro De Ãgua 100 Litros AÃ§o InoxidÃ¡vel Coluna 100l"""""""
51,2024-01-10T04:46:00.000-03:00,1029599077344,,release,asset_management,17.65,0.00,17.65,0.00,0.00,0.00,0.00,0.00,0.00,1,available_money,,0.00,2024-01-10T04:46:00.000-03:00,,,,,,,BRL,"""[]""",,,,,"""{}""",0.00,,,,,,,,,56215.51,,,
52,2024-01-10T08:40:45.000-03:00,68496012447,2000007137548396,release,payment,1918.83,0.00,2298.00,0.00,-379.17,0.00,0.00,0.00,0.00,1,master,,0.00,2023-12-13T09:41:44.000-03:00,,,,,,,BRL,"""[]""",42903649006,custom,2000007137548396,,"""{""official_store_id"":null}""",0.00,,524474,,MLB1346937656,,,Mercado Libre, ,58134.34,,,"""""""Bebedouro Refrigerador Industrial Inox 50 Litros C/ Filtro"""""""
53,2024-01-10T14:11:36.000-03:00,68708755516,2000007140994314,release,payment,2212.75,0.00,2650.00,0.00,-437.25,0.00,0.00,0.00,0.00,1,master,,0.00,2023-12-13T15:16:37.000-03:00,,,,,,,BRL,"""[]""",42905021757,custom,2000007140994314,,"""{""official_store_id"":null}""",0.00,,524474,,MLB3428434259,,,Mercado Libre, ,60347.09,,,"""""""Bebedouro Industrial 100  - Ideal P Academia Escolas Igrejas"""""""
54,2024-01-10T16:06:35.000-03:00,68493471273,2000007137115184,release,payment,2212.75,0.00,2650.00,0.00,-437.25,0.00,0.00,0.00,0.00,1,pix,,0.00,2023-12-13T17:12:57.000-03:00,,,,,,,BRL,"""[]""",42903458228,custom,2000007137115184,,"""{""official_store_id"":null}""",0.00,,,pix,MLB3428434259,,,Mercado Libre, ,62559.84,,,"""""""Bebedouro Industrial 100  - Ideal P Academia Escolas Igrejas"""""""
55,2024-01-10T18:58:36.000-03:00,68603650419,2000007154508212,release,payment,1918.83,0.00,2298.00,0.00,-379.17,0.00,0.00,0.00,0.00,1,visa,,0.00,2023-12-14T20:59:37.000-03:00,,,,,,,BRL,"""[]""",42910886093,custom,2000007154508212,,"""{""official_store_id"":null}""",0.00,,498449,,MLB1346937656,,,Mercado Libre, ,64478.67,,,"""""""Bebedouro Refrigerador Industrial Inox 50 Litros C/ Filtro"""""""
56,2024-01-10T20:41:58.000-03:00,68542972281,2000007144753182,release,payment,2212.75,0.00,2650.00,0.00,-437.25,0.00,0.00,0.00,0.00,1,master,,0.00,2023-12-13T21:38:43.000-03:00,,,,,,,BRL,"""[]""",42906658357,custom,2000007144753182,,"""{""official_store_id"":null}""",0.00,,530599,,MLB3428434259,,,Mercado Libre, ,66691.42,,,"""""""Bebedouro Industrial 100  - Ideal P Academia Escolas Igrejas"""""""
57,2024-01-11T04:51:32.000-03:00,1029627242323,,release,asset_management,19.71,0.00,19.71,0.00,0.00,0.00,0.00,0.00,0.00,1,available_money,,0.00,2024-01-11T04:51:32.000-03:00,,,,,,,BRL,"""[]""",,,,,"""{}""",0.00,,,,,,,,,66711.13,,,
58,2024-01-11T06:57:28.000-03:00,68746864510,2000007147402010,release,payment,2246.15,0.00,2690.00,0.00,-443.85,0.00,0.00,0.00,0.00,1,master,,0.00,2023-12-14T07:59:17.000-03:00,,,,,,,BRL,"""[]""",42907776001,custom,2000007147402010,,"""{""official_store_id"":null}""",0.00,,556615,,MLB3491287977,,,Mercado Libre, ,68957.28,,,"""""""Bebedouro De Ãgua 100 Litros AÃ§o InoxidÃ¡vel Coluna 100l"""""""
59,2024-01-11T07:10:56.000-03:00,68747000034,2000007147455224,release,payment,2212.75,0.00,2650.00,0.00,-437.25,0.00,0.00,0.00,0.00,1,pix,,0.00,2023-12-14T08:13:06.000-03:00,,,,,,,BRL,"""[]""",42907797233,custom,2000007147455224,,"""{""official_store_id"":null}""",0.00,,,pix,MLB3428434259,,,Mercado Libre, ,71170.03,,,"""""""Bebedouro Industrial 100  - Ideal P Academia Escolas Igrejas"""""""
60,2024-01-11T08:49:52.000-03:00,68559922595,2000007148049592,release,payment,1918.83,0.00,2298.00,0.00,-379.17,0.00,0.00,0.00,0.00,1,pix,,0.00,2023-12-14T09:48:58.000-03:00,,,,,,,BRL,"""[]""",42908197696,custom,2000007148049592,,"""{""official_store_id"":null}""",0.00,,,pix,MLB1346937656,,,Mercado Libre, ,73088.86,,,"""""""Bebedouro Refrigerador Industrial Inox 50 Litros C/ Filtro"""""""
61,2024-01-11T11:21:23.000-03:00,68761417524,2000007149524554,release,payment,1918.83,0.00,2298.00,0.00,-379.17,0.00,0.00,0.00,0.00,1,master,,0.00,2023-12-14T12:22:11.000-03:00,,,,,,,BRL,"""[]""",42908725881,custom,2000007149524554,,"""{""official_store_id"":null}""",0.00,,550209,,MLB1346937656,,,Mercado Libre, ,75007.69,,,"""""""Bebedouro Refrigerador Industrial Inox 50 Litros C/ Filtro"""""""
62,2024-01-11T13:51:21.000-03:00,68771585994,2000007150962310,release,payment,2212.75,0.00,2650.00,0.00,-437.25,0.00,0.00,0.00,0.00,1,master,,0.00,2023-12-14T14:53:49.000-03:00,,,,,,,BRL,"""[]""",42909349005,custom,2000007150962310,,"""{""official_store_id"":null}""",0.00,,546997,,MLB3428434259,,,Mercado Libre, ,77220.44,,,"""""""Bebedouro Industrial 100  - Ideal P Academia Escolas Igrejas"""""""
63,2024-01-11T13:51:21.000-03:00,68771585994,2000007150962310,release,reserve_for_dispute,0.00,2212.75,-2212.75,0.00,0.00,0.00,0.00,0.00,0.00,10,master,,0.00,2024-01-11T13:51:21.000-03:00,,,,,,,BRL,"""[]""",42909349005,custom,2000007150962310,,"""{""official_store_id"":null}""",0,,546997,,MLB3428434259,,,Mercado Libre, ,75007.69,,,"""""""Bebedouro Industrial 100  - Ideal P Academia Escolas Igrejas"""""""
64,2024-01-11T14:48:33.000-03:00,68529064441,2000007142778850,release,payment,2212.75,0.00,2650.00,0.00,-437.25,0.00,0.00,0.00,0.00,1,master,,0.00,2023-12-13T18:27:41.000-03:00,,,,,,,BRL,"""[]""",42905926534,custom,2000007142778850,,"""{""official_store_id"":null}""",0.00,,535081,,MLB3428434259,,,Mercado Libre, ,77220.44,,,"""""""Bebedouro Industrial 100  - Ideal P Academia Escolas Igrejas"""""""
65,2024-01-11T15:36:37.000-03:00,68583287779,2000007151635170,release,payment,1918.83,0.00,2298.00,0.00,-379.17,0.00,0.00,0.00,0.00,1,pix,,0.00,2023-12-14T16:35:24.000-03:00,,,,,,,BRL,"""[]""",42909644145,custom,2000007151635170,,"""{""official_store_id"":null}""",0.00,,,pix,MLB1346937656,,,Mercado Libre, ,79139.27,,,"""""""Bebedouro Refrigerador Industrial Inox 50 Litros C/ Filtro"""""""
66,2024-01-11T19:40:54.000-03:00,68793779266,2000007154320942,release,payment,2212.75,0.00,2650.00,0.00,-437.25,0.00,0.00,0.00,0.00,1,master,,0.00,2023-12-14T20:39:55.000-03:00,,,,,,,BRL,"""[]""",42910932406,custom,2000007154320942,,"""{""official_store_id"":null}""",0.00,,552640,,MLB3428434259,,,Mercado Libre, ,81352.02,,,"""""""Bebedouro Industrial 100  - Ideal P Academia Escolas Igrejas"""""""
67,2024-01-11T21:03:55.000-03:00,68593900135,2000007153221804,release,payment,785.61,0.00,785.61,0.00,0.00,0.00,0.00,0.00,0.00,1,available_money,,0.00,2023-12-14T22:02:52.000-03:00,,,,,,,BRL,"""[]""",42910462450,custom,2000007153221804,,"""{""official_store_id"":null}""",0.00,,,,MLB1346937656,,,Mercado Libre, ,82137.63,,,"""""""Bebedouro Refrigerador Industrial Inox 50 Litros C/ Filtro"""""""
68,2024-01-11T21:05:51.000-03:00,68785394004,2000007153221804,release,payment,1133.22,0.00,1512.39,0.00,-379.17,0.00,0.00,0.00,0.00,1,pix,,0.00,2023-12-14T22:02:55.000-03:00,,,,,,,BRL,"""[]""",42910462450,custom,2000007153221804,,"""{""official_store_id"":null}""",0.00,,,pix,MLB1346937656,,,Mercado Libre, ,83270.85,,,"""""""Bebedouro Refrigerador Industrial Inox 50 Litros C/ Filtro"""""""
69,2024-01-12T05:50:55.000-03:00,1029656679112,,release,asset_management,25.44,0.00,25.44,0.00,0.00,0.00,0.00,0.00,0.00,1,available_money,,0.00,2024-01-12T05:50:55.000-03:00,,,,,,,BRL,"""[]""",,,,,"""{}""",0.00,,,,,,,,,83296.29,,,
70,2024-01-12T14:08:37.000-03:00,68838670702,2000007160972106,release,payment,2246.15,0.00,2690.00,0.00,-443.85,0.00,0.00,0.00,0.00,1,master,,0.00,2023-12-15T15:06:53.000-03:00,,,,,,,BRL,"""[]""",42930566083,custom,2000007160972106,,"""{""official_store_id"":null}""",0.00,,552693,,MLB3517277315,,,Mercado Libre, ,85542.44,,,"""""""Bebedouro De Ãgua 100 Litros AÃ§o InoxidÃ¡vel Coluna 100l"""""""
71,2024-01-12T14:10:37.000-03:00,68838946318,2000007161001140,release,payment,2246.15,0.00,2690.00,0.00,-443.85,0.00,0.00,0.00,0.00,1,master,,0.00,2023-12-15T15:11:36.000-03:00,,,,,,,BRL,"""[]""",42930568507,custom,2000007161001140,,"""{""official_store_id"":null}""",0.00,,523431,,MLB3517277315,,,Mercado Libre, ,87788.59,,,"""""""Bebedouro De Ãgua 100 Litros AÃ§o InoxidÃ¡vel Coluna 100l"""""""
72,2024-01-12T14:55:17.000-03:00,68841571210,2000007161402530,release,payment,2212.75,0.00,2650.00,0.00,-437.25,0.00,0.00,0.00,0.00,1,pix,,0.00,2023-12-15T15:54:44.000-03:00,,,,,,,BRL,"""[]""",42913993366,custom,2000007161402530,,"""{""official_store_id"":null}""",0.00,,,pix,MLB3428434259,,,Mercado Libre, ,90001.34,,,"""""""Bebedouro Industrial 100  - Ideal P Academia Escolas Igrejas"""""""
73,2024-01-12T15:05:33.000-03:00,68650351271,2000007161484188,release,payment,2212.75,0.00,2650.00,0.00,-437.25,0.00,0.00,0.00,0.00,1,master,,0.00,2023-12-15T16:04:06.000-03:00,,,,,,,BRL,"""[]""",42913902803,custom,2000007161484188,,"""{""official_store_id"":null}""",0.00,,230650,,MLB3428434259,,,Mercado Libre, ,92214.09,,,"""""""Bebedouro Industrial 100  - Ideal P Academia Escolas Igrejas"""""""
74,2024-01-13T11:06:01.000-03:00,68771585994,2000007150962310,release,reserve_for_dispute,2212.75,0.00,2212.75,0.00,0.00,0.00,0.00,0.00,0.00,10,master,,0.00,2024-01-13T11:06:01.000-03:00,,,,,,,BRL,"""[]""",42909349005,custom,2000007150962310,,"""{""official_store_id"":null}""",0,,546997,,MLB3428434259,,,Mercado Libre, ,94426.84,,,"""""""Bebedouro Industrial 100  - Ideal P Academia Escolas Igrejas"""""""
75,2024-01-13T12:59:21.000-03:00,68394152777,2000007119681488,release,payment,1918.83,0.00,2298.00,0.00,-379.17,0.00,0.00,0.00,0.00,1,master,,0.00,2023-12-11T15:59:48.000-03:00,,,,,,,BRL,"""[]""",42895883435,custom,2000007119681488,,"""{""official_store_id"":null}""",0.00,,554612,,MLB1346937656,,,Mercado Libre, ,96345.67,,,"""""""Bebedouro Refrigerador Industrial Inox 50 Litros C/ Filtro"""""""
76,2024-01-15T05:11:13.000-03:00,1029681523533,,release,asset_management,28.25,0.00,28.25,0.00,0.00,0.00,0.00,0.00,0.00,1,available_money,,0.00,2024-01-15T05:11:13.000-03:00,,,,,,,BRL,"""[]""",,,,,"""{}""",0.00,,,,,,,,,96373.92,,,
77,2024-01-15T08:45:36.000-03:00,68803254191,2000007183645750,release,reserve_for_dispute,0.00,1856.73,-1856.73,0.00,0.00,0.00,0.00,0.00,0.00,1,available_money,,0.00,2024-01-15T08:45:36.000-03:00,,,,,,,BRL,"""[]""",42923132481,custom,2000007183645750,,"""{""official_store_id"":null}""",0,,,,MLB3381277323,,,Mercado Libre, ,94517.19,,,"""""""Bebedouro Refrigerador Industrial Inox 50 Litros C/ Filtro"""""""
78,2024-01-15T08:47:29.000-03:00,68803254191,2000007183645750,release,payment,1856.73,0.00,2098.00,0.00,-241.27,0.00,0.00,0.00,0.00,1,available_money,,0.00,2023-12-18T09:46:27.000-03:00,,,,,,,BRL,"""[]""",42923132481,custom,2000007183645750,,"""{""official_store_id"":null}""",0.00,,,,MLB3381277323,,,Mercado Libre, ,96373.92,,,"""""""Bebedouro Refrigerador Industrial Inox 50 Litros C/ Filtro"""""""
79,2024-01-15T15:35:02.000-03:00,,,available_balance,pre_payout_70647301048,96373.92,0.00,96373.92,0.00,0.00,0.00,0.00,0.00,0.00,1,,,0.00,,,,,,,,,,,,,,,,,,,,,,,,96373.92,,,
80,2024-01-15T15:35:05.000-03:00,70647301048,,release,reserve_for_payout,0.00,30000.00,-30000.00,0.00,0.00,0.00,0.00,0.00,0.00,1,available_money,,0.00,2024-01-15T15:35:05.000-03:00,,,,,,,BRL,"""[]""",,,,,"""{}""",0,,,,,,,,,66373.92,,,
81,2024-01-15T15:35:08.000-03:00,70647301048,,release,reserve_for_payout,30000.00,0.00,30000.00,0.00,0.00,0.00,0.00,0.00,0.00,1,available_money,,0.00,2024-01-15T15:35:08.000-03:00,,,,,,,BRL,"""[]""",,,,,"""{}""",0,,,,,,,,,96373.92,,,
82,2024-01-15T15:35:08.000-03:00,70647301048,,release,payout,0.00,30000.00,-30000.00,0.00,0.00,0.00,0.00,0.00,0.00,1,available_money,,0.00,2024-01-15T15:35:08.000-03:00,,,,,,,BRL,"""[]""",,,,,"""{}""",0.00,,,,,,,,,66373.92,00998944,,
83,2024-01-15T15:35:11.000-03:00,,,available_balance,post_payout_70647301048,66373.92,0.00,66373.92,0.00,0.00,0.00,0.00,0.00,0.00,1,,,0.00,,,,,,,,,,,,,,,,,,,,,,,,66373.92,,,
84,2024-01-16T03:30:04.000-03:00,68994727940,2000007183526084,release,payment,777.87,0.00,777.87,0.00,0.00,0.00,0.00,0.00,0.00,1,available_money,,0.00,2023-12-19T04:29:49.000-03:00,,,,,,,BRL,"""[]""",42923073821,custom,2000007183526084,,"""{""official_store_id"":null}""",0.00,,,,MLB3491287977,,,Mercado Libre, ,67151.79,,,"""""""Bebedouro De Ãgua 100 Litros AÃ§o InoxidÃ¡vel Coluna 100l"""""""
85,2024-01-16T03:30:21.000-03:00,68994695300,2000007183526084,release,payment,1468.28,0.00,1912.13,0.00,-443.85,0.00,0.00,0.00,0.00,1,bolbradesco,,0.00,2023-12-19T04:29:49.000-03:00,,,,,,,BRL,"""[]""",42923073821,custom,2000007183526084,,"""{""official_store_id"":null}""",0.00,,,,MLB3491287977,,,Mercado Libre, ,68620.07,,,"""""""Bebedouro De Ãgua 100 Litros AÃ§o InoxidÃ¡vel Coluna 100l"""""""
86,2024-01-16T03:45:20.000-03:00,68976484602,2000007179704160,release,payment,2246.15,0.00,2690.00,0.00,-443.85,0.00,0.00,0.00,0.00,1,bolbradesco,,0.00,2023-12-19T04:44:06.000-03:00,,,,,,,BRL,"""[]""",42921655492,custom,2000007179704160,,"""{""official_store_id"":null}""",0.00,,,,MLB3491287977,,,Mercado Libre, ,70866.22,,,"""""""Bebedouro De Ãgua 100 Litros AÃ§o InoxidÃ¡vel Coluna 100l"""""""
87,2024-01-16T04:58:59.000-03:00,1029713936926,,release,asset_management,32.69,0.00,32.69,0.00,0.00,0.00,0.00,0.00,0.00,1,available_money,,0.00,2024-01-16T04:58:59.000-03:00,,,,,,,BRL,"""[]""",,,,,"""{}""",0.00,,,,,,,,,70898.91,,,
88,2024-01-16T05:05:50.000-03:00,68987110642,2000007181991142,release,payment,1918.83,0.00,2298.00,0.00,-379.17,0.00,0.00,0.00,0.00,1,pix,,0.00,2023-12-19T06:10:01.000-03:00,,,,,,,BRL,"""[]""",42922568134,custom,2000007181991142,,"""{""official_store_id"":null}""",0.00,,,pix,MLB1346937656,,,Mercado Libre, ,72817.74,,,"""""""Bebedouro Refrigerador Industrial Inox 50 Litros C/ Filtro"""""""
89,2024-01-16T08:30:30.000-03:00,69056740054,2000007193661352,release,payment,10.58,0.00,10.58,0.00,0.00,0.00,0.00,0.00,0.00,1,available_money,,0.00,2023-12-19T09:30:56.000-03:00,,,,,,,BRL,"""[]""",42927362147,custom,2000007193661352,,"""{""official_store_id"":null}""",0.00,,,,MLB3428434259,,,Mercado Libre, ,72828.32,,,"""""""Bebedouro Industrial 100  - Ideal P Academia Escolas Igrejas"""""""
90,2024-01-16T08:30:33.000-03:00,69056753862,2000007193661352,release,payment,2202.17,0.00,2639.42,0.00,-437.25,0.00,0.00,0.00,0.00,1,master,,0.00,2023-12-19T09:31:00.000-03:00,,,,,,,BRL,"""[]""",42927362147,custom,2000007193661352,,"""{""official_store_id"":null}""",0.00,,544731,,MLB3428434259,,,Mercado Libre, ,75030.49,,,"""""""Bebedouro Industrial 100  - Ideal P Academia Escolas Igrejas"""""""
91,2024-01-16T10:31:36.000-03:00,69064090558,2000007196481864,release,reserve_for_dispute,0.00,2246.15,-2246.15,0.00,0.00,0.00,0.00,0.00,0.00,10,amex,,0.00,2024-01-16T10:31:36.000-03:00,,,,,,,BRL,"""[]""",42928711056,custom,2000007196481864,,"""{""official_store_id"":null}""",0,,374769,,MLB3491287977,,,Mercado Libre, ,72784.34,,,"""""""Bebedouro De Ãgua 100 Litros AÃ§o InoxidÃ¡vel Coluna 100l"""""""
92,2024-01-16T10:33:40.000-03:00,69064090558,2000007196481864,release,payment,2246.15,0.00,2690.00,0.00,-443.85,0.00,0.00,0.00,0.00,1,amex,,0.00,2023-12-19T11:31:14.000-03:00,,,,,,,BRL,"""[]""",42928711056,custom,2000007196481864,,"""{""official_store_id"":null}""",0.00,,374769,,MLB3491287977,,,Mercado Libre, ,75030.49,,,"""""""Bebedouro De Ãgua 100 Litros AÃ§o InoxidÃ¡vel Coluna 100l"""""""
93,2024-01-17T03:38:19.000-03:00,1029738672069,,release,asset_management,25.45,0.00,25.45,0.00,0.00,0.00,0.00,0.00,0.00,1,available_money,,0.00,2024-01-17T03:38:19.000-03:00,,,,,,,BRL,"""[]""",,,,,"""{}""",0.00,,,,,,,,,75055.94,,,
94,2024-01-17T10:23:44.000-03:00,68803254191,2000007183645750,release,refund,241.27,0.00,0.00,0.00,241.27,0.00,0.00,0.00,0.00,1,available_money,,0.00,2024-01-17T10:23:44.000-03:00,,,,,,,BRL,"""[]""",42923132481,custom,2000007183645750,,"""{""official_store_id"":null}""",0.00,,,,MLB3381277323,,,Mercado Libre, ,75297.21,,,"""""""Bebedouro Refrigerador Industrial Inox 50 Litros C/ Filtro"""""""
95,2024-01-17T10:23:46.000-03:00,68803254191,2000007183645750,release,mediation,0.00,2098.00,-2098.00,0.00,0.00,0.00,0.00,0.00,0.00,1,available_money,,0.00,2024-01-17T10:23:46.000-03:00,,,,,,,BRL,"""[]""",42923132481,custom,2000007183645750,,"""{""official_store_id"":null}""",0.00,,,,MLB3381277323,,,Mercado Libre, ,73199.21,,,"""""""Bebedouro Refrigerador Industrial Inox 50 Litros C/ Filtro"""""""
96,2024-01-17T10:23:46.000-03:00,68803254191,2000007183645750,release,reserve_for_dispute,0.00,2098.00,-2098.00,0.00,0.00,0.00,0.00,0.00,0.00,1,available_money,,0.00,2024-01-17T10:23:46.000-03:00,,,,,,,BRL,"""[]""",42923132481,custom,2000007183645750,,"""{""official_store_id"":null}""",0,,,,MLB3381277323,,,Mercado Libre, ,71101.21,,,"""""""Bebedouro Refrigerador Industrial Inox 50 Litros C/ Filtro"""""""
97,2024-01-17T10:23:46.000-03:00,68803254191,2000007183645750,release,reserve_for_dispute,2098.00,0.00,2098.00,0.00,0.00,0.00,0.00,0.00,0.00,1,available_money,,0.00,2024-01-17T10:23:46.000-03:00,,,,,,,BRL,"""[]""",42923132481,custom,2000007183645750,,"""{""official_store_id"":null}""",0,,,,MLB3381277323,,,Mercado Libre, ,73199.21,,,"""""""Bebedouro Refrigerador Industrial Inox 50 Litros C/ Filtro"""""""
98,2024-01-17T10:25:06.000-03:00,68803254191,2000007183645750,release,reserve_for_dispute,1856.73,0.00,1856.73,0.00,0.00,0.00,0.00,0.00,0.00,1,available_money,,0.00,2024-01-17T10:25:06.000-03:00,,,,,,,BRL,"""[]""",42923132481,custom,2000007183645750,,"""{""official_store_id"":null}""",0,,,,MLB3381277323,,,Mercado Libre, ,75055.94,,,"""""""Bebedouro Refrigerador Industrial Inox 50 Litros C/ Filtro"""""""
99,2024-01-17T16:55:43.000-03:00,,,available_balance,pre_payout_70571831223,75055.94,0.00,75055.94,0.00,0.00,0.00,0.00,0.00,0.00,1,,,0.00,,,,,,,,,,,,,,,,,,,,,,,,75055.94,,,
100,2024-01-17T16:55:46.000-03:00,70571831223,,release,reserve_for_payout,0.00,20000.00,-20000.00,0.00,0.00,0.00,0.00,0.00,0.00,1,available_money,,0.00,2024-01-17T16:55:46.000-03:00,,,,,,,BRL,"""[]""",,,,,"""{}""",0,,,,,,,,,55055.94,,,
101,2024-01-17T16:55:48.000-03:00,70571831223,,release,reserve_for_payout,20000.00,0.00,20000.00,0.00,0.00,0.00,0.00,0.00,0.00,1,available_money,,0.00,2024-01-17T16:55:48.000-03:00,,,,,,,BRL,"""[]""",,,,,"""{}""",0,,,,,,,,,75055.94,,,
102,2024-01-17T16:55:48.000-03:00,70571831223,,release,payout,0.00,20000.00,-20000.00,0.00,0.00,0.00,0.00,0.00,0.00,1,available_money,,0.00,2024-01-17T16:55:48.000-03:00,,,,,,,BRL,"""[]""",,,,,"""{}""",0.00,,,,,,,,,55055.94,345617,,
103,2024-01-17T16:55:51.000-03:00,,,available_balance,post_payout_70571831223,55055.94,0.00,55055.94,0.00,0.00,0.00,0.00,0.00,0.00,1,,,0.00,,,,,,,,,,,,,,,,,,,,,,,,55055.94,,,
104,2024-01-17T17:08:00.000-03:00,,,available_balance,pre_payout_70774673380,55055.94,0.00,55055.94,0.00,0.00,0.00,0.00,0.00,0.00,1,,,0.00,,,,,,,,,,,,,,,,,,,,,,,,55055.94,,,
105,2024-01-17T17:08:03.000-03:00,70774673380,,release,reserve_for_payout,0.00,20000.00,-20000.00,0.00,0.00,0.00,0.00,0.00,0.00,1,available_money,,0.00,2024-01-17T17:08:03.000-03:00,,,,,,,BRL,"""[]""",,,,,"""{}""",0,,,,,,,,,35055.94,,,
106,2024-01-17T17:08:05.000-03:00,70774673380,,release,reserve_for_payout,20000.00,0.00,20000.00,0.00,0.00,0.00,0.00,0.00,0.00,1,available_money,,0.00,2024-01-17T17:08:05.000-03:00,,,,,,,BRL,"""[]""",,,,,"""{}""",0,,,,,,,,,55055.94,,,
107,2024-01-17T17:08:05.000-03:00,70774673380,,release,payout,0.00,20000.00,-20000.00,0.00,0.00,0.00,0.00,0.00,0.00,1,available_money,,0.00,2024-01-17T17:08:05.000-03:00,,,,,,,BRL,"""[]""",,,,,"""{}""",0.00,,,,,,,,,35055.94,00998944,,
108,2024-01-17T17:08:08.000-03:00,,,available_balance,post_payout_70774673380,35055.94,0.00,35055.94,0.00,0.00,0.00,0.00,0.00,0.00,1,,,0.00,,,,,,,,,,,,,,,,,,,,,,,,35055.94,,,
109,2024-01-17T17:09:38.000-03:00,,,available_balance,pre_payout_70774841272,35055.94,0.00,35055.94,0.00,0.00,0.00,0.00,0.00,0.00,1,,,0.00,,,,,,,,,,,,,,,,,,,,,,,,35055.94,,,
110,2024-01-17T17:09:41.000-03:00,70774841272,,release,reserve_for_payout,0.00,20000.00,-20000.00,0.00,0.00,0.00,0.00,0.00,0.00,1,available_money,,0.00,2024-01-17T17:09:41.000-03:00,,,,,,,BRL,"""[]""",,,,,"""{}""",0,,,,,,,,,15055.94,,,
111,2024-01-17T17:09:43.000-03:00,70774841272,,release,reserve_for_payout,20000.00,0.00,20000.00,0.00,0.00,0.00,0.00,0.00,0.00,1,available_money,,0.00,2024-01-17T17:09:43.000-03:00,,,,,,,BRL,"""[]""",,,,,"""{}""",0,,,,,,,,,35055.94,,,
112,2024-01-17T17:09:43.000-03:00,70774841272,,release,payout,0.00,20000.00,-20000.00,0.00,0.00,0.00,0.00,0.00,0.00,1,available_money,,0.00,2024-01-17T17:09:43.000-03:00,,,,,,,BRL,"""[]""",,,,,"""{}""",0.00,,,,,,,,,15055.94,00998944,,
113,2024-01-17T17:09:46.000-03:00,,,available_balance,post_payout_70774841272,15055.94,0.00,15055.94,0.00,0.00,0.00,0.00,0.00,0.00,1,,,0.00,,,,,,,,,,,,,,,,,,,,,,,,15055.94,,,
114,2024-01-18T08:54:46.000-03:00,1029774468927,,release,asset_management,25.46,0.00,25.46,0.00,0.00,0.00,0.00,0.00,0.00,1,available_money,,0.00,2024-01-18T08:54:46.000-03:00,,,,,,,BRL,"""[]""",,,,,"""{}""",0.00,,,,,,,,,15081.40,,,
115,2024-01-19T04:12:30.000-03:00,1029793626381,,release,asset_management,5.12,0.00,5.12,0.00,0.00,0.00,0.00,0.00,0.00,1,available_money,,0.00,2024-01-19T04:12:30.000-03:00,,,,,,,BRL,"""[]""",,,,,"""{}""",0.00,,,,,,,,,15086.52,,,
116,2024-01-19T18:51:32.000-03:00,,,available_balance,pre_payout_70699492913,15086.52,0.00,15086.52,0.00,0.00,0.00,0.00,0.00,0.00,1,,,0.00,,,,,,,,,,,,,,,,,,,,,,,,15086.52,,,
117,2024-01-19T18:51:35.000-03:00,70699492913,,release,reserve_for_payout,0.00,15086.52,-15086.52,0.00,0.00,0.00,0.00,0.00,0.00,1,available_money,,0.00,2024-01-19T18:51:35.000-03:00,,,,,,,BRL,"""[]""",,,,,"""{}""",0,,,,,,,,,0.00,,,
118,2024-01-19T18:51:38.000-03:00,70699492913,,release,reserve_for_payout,15086.52,0.00,15086.52,0.00,0.00,0.00,0.00,0.00,0.00,1,available_money,,0.00,2024-01-19T18:51:38.000-03:00,,,,,,,BRL,"""[]""",,,,,"""{}""",0,,,,,,,,,15086.52,,,
119,2024-01-19T18:51:38.000-03:00,70699492913,,release,payout,0.00,15086.52,-15086.52,0.00,0.00,0.00,0.00,0.00,0.00,1,available_money,,0.00,2024-01-19T18:51:38.000-03:00,,,,,,,BRL,"""[]""",,,,,"""{}""",0.00,,,,,,,,,0.00,00998944,,
120,2024-01-19T18:51:41.000-03:00,,,available_balance,post_payout_70699492913,0.00,0.00,0.00,0.00,0.00,0.00,0.00,0.00,0.00,1,,,0.00,,,,,,,,,,,,,,,,,,,,,,,,0.00,,,
121,2024-01-22T05:11:29.000-03:00,1029822641254,,release,asset_management,5.12,0.00,5.12,0.00,0.00,0.00,0.00,0.00,0.00,1,available_money,,0.00,2024-01-22T05:11:29.000-03:00,,,,,,,BRL,"""[]""",,,,,"""{}""",0.00,,,,,,,,,5.12,,,
122,2024-01-24T13:05:14.000-03:00,69064090558,2000007196481864,release,refund,443.85,0.00,0.00,0.00,443.85,0.00,0.00,0.00,0.00,10,amex,,0.00,2024-01-24T13:05:14.000-03:00,,,,,,,BRL,"""[]""",42928711056,custom,2000007196481864,,"""{""official_store_id"":null}""",0.00,,374769,,MLB3491287977,,,Mercado Libre, ,448.97,,,"""""""Bebedouro De Ãgua 100 Litros AÃ§o InoxidÃ¡vel Coluna 100l"""""""
123,2024-01-24T13:05:17.000-03:00,69064090558,2000007196481864,release,mediation,0.00,448.97,-448.97,0.00,0.00,0.00,0.00,0.00,0.00,10,amex,,0.00,2024-01-24T13:05:17.000-03:00,,,,,,,BRL,"""[]""",42928711056,custom,2000007196481864,,"""{""official_store_id"":null}""",0.00,,374769,,MLB3491287977,,,Mercado Libre, ,0.00,,,"""""""Bebedouro De Ãgua 100 Litros AÃ§o InoxidÃ¡vel Coluna 100l"""""""
124,2024-01-24T13:05:17.000-03:00,69064090558,2000007196481864,release,reserve_for_dispute,0.00,448.97,-448.97,0.00,0.00,0.00,0.00,0.00,0.00,10,amex,,0.00,2024-01-24T13:05:17.000-03:00,,,,,,,BRL,"""[]""",42928711056,custom,2000007196481864,,"""{""official_store_id"":null}""",0,,374769,,MLB3491287977,,,Mercado Libre, ,-448.97,,,"""""""Bebedouro De Ãgua 100 Litros AÃ§o InoxidÃ¡vel Coluna 100l"""""""
125,2024-01-24T13:05:17.000-03:00,69064090558,2000007196481864,release,reserve_for_dispute,448.97,0.00,448.97,0.00,0.00,0.00,0.00,0.00,0.00,10,amex,,0.00,2024-01-24T13:05:17.000-03:00,,,,,,,BRL,"""[]""",42928711056,custom,2000007196481864,,"""{""official_store_id"":null}""",0,,374769,,MLB3491287977,,,Mercado Libre, ,0.00,,,"""""""Bebedouro De Ãgua 100 Litros AÃ§o InoxidÃ¡vel Coluna 100l"""""""
126,2024-01-24T13:06:24.000-03:00,69064090558,2000007196481864,release,reserve_for_dispute,2246.15,0.00,2246.15,0.00,0.00,0.00,0.00,0.00,0.00,10,amex,,0.00,2024-01-24T13:06:24.000-03:00,,,,,,,BRL,"""[]""",42928711056,custom,2000007196481864,,"""{""official_store_id"":null}""",0,,374769,,MLB3491287977,,,Mercado Libre, ,2246.15,,,"""""""Bebedouro De Ãgua 100 Litros AÃ§o InoxidÃ¡vel Coluna 100l"""""""
127,2024-01-24T13:06:27.000-03:00,69064090558,2000007196481864,release,mediation,0.00,2241.03,-2241.03,0.00,0.00,0.00,0.00,0.00,0.00,10,amex,,0.00,2024-01-24T13:06:27.000-03:00,,,,,,,BRL,"""[]""",42928711056,custom,2000007196481864,,"""{""official_store_id"":null}""",0.00,,374769,,MLB3491287977,,,Mercado Libre, ,5.12,,,"""""""Bebedouro De Ãgua 100 Litros AÃ§o InoxidÃ¡vel Coluna 100l"""""""
128,2024-01-24T13:06:27.000-03:00,69064090558,2000007196481864,release,reserve_for_dispute,0.00,2241.03,-2241.03,0.00,0.00,0.00,0.00,0.00,0.00,10,amex,,0.00,2024-01-24T13:06:27.000-03:00,,,,,,,BRL,"""[]""",42928711056,custom,2000007196481864,,"""{""official_store_id"":null}""",0,,374769,,MLB3491287977,,,Mercado Libre, ,-2235.91,,,"""""""Bebedouro De Ãgua 100 Litros AÃ§o InoxidÃ¡vel Coluna 100l"""""""
129,2024-01-24T13:06:27.000-03:00,69064090558,2000007196481864,release,reserve_for_dispute,2241.03,0.00,2241.03,0.00,0.00,0.00,0.00,0.00,0.00,10,amex,,0.00,2024-01-24T13:06:27.000-03:00,,,,,,,BRL,"""[]""",42928711056,custom,2000007196481864,,"""{""official_store_id"":null}""",0,,374769,,MLB3491287977,,,Mercado Libre, ,5.12,,,"""""""Bebedouro De Ãgua 100 Litros AÃ§o InoxidÃ¡vel Coluna 100l"""""""
130,2024-01-24T17:26:33.000-03:00,71175642904,MELIPAYMENTS-COLLECTIONATTEMPT-4686738082024-01-18T03:53:19.126860716,release,reserve_for_debt_payment,0.00,5.12,-5.12,0.00,0.00,0.00,0.00,0.00,0.00,1,available_money,,0.00,2024-01-24T17:26:33.000-03:00,,,,,,,BRL,"""[]""",,,,,"""{""melipayments"":{""concepts"":[{""detail"":""payment"",""id"":""2806381535"",""type"":""invoice""}],""encoding"":""json""}}""",0,,,,,,,,,0.00,,,
131,2024-01-24T17:26:33.000-03:00,71175642904,MELIPAYMENTS-COLLECTIONATTEMPT-4686738082024-01-18T03:53:19.126860716,release,reserve_for_debt_payment,5.12,0.00,5.12,0.00,0.00,0.00,0.00,0.00,0.00,1,available_money,,0.00,2024-01-24T17:26:33.000-03:00,,,,,,,BRL,"""[]""",,,,,"""{""melipayments"":{""concepts"":[{""detail"":""payment"",""id"":""2806381535"",""type"":""invoice""}],""encoding"":""json""}}""",0,,,,,,,,,5.12,,,
132,2024-01-24T17:26:33.000-03:00,71175642904,MELIPAYMENTS-COLLECTIONATTEMPT-4686738082024-01-18T03:53:19.126860716,release,payment,0.00,5.12,-5.12,0.00,0.00,0.00,0.00,0.00,0.00,1,available_money,,0.00,2024-01-24T17:26:33.000-03:00,,,,,,,BRL,"""[]""",,,,,"""{""melipayments"":{""concepts"":[{""detail"":""payment"",""id"":""2806381535"",""type"":""invoice""}],""encoding"":""json""}}""",0.00,,,,,,,,,0.00,,,
133,2024-01-27T04:45:08.000-03:00,70326466936,2000007346894920,release,payment,2212.75,0.00,2650.00,0.00,-437.25,0.00,0.00,0.00,0.00,1,master,,0.00,2024-01-10T05:56:26.000-03:00,,,,,,,BRL,"""[]""",42994072743,custom,2000007346894920,,"""{""official_store_id"":null}""",0.00,,512267,,MLB3428434259,,,Mercado Libre, ,2212.75,,,"""""""Bebedouro Industrial 100  - Ideal P Academia Escolas Igrejas"""""""
134,2024-01-27T04:45:08.000-03:00,71110726633,MELIPAYMENTS-COLLECTIONATTEMPT-4686738082024-01-24T17:27:07.370400277,release,reserve_for_debt_payment,0.00,267.88,-267.88,0.00,0.00,0.00,0.00,0.00,0.00,1,available_money,,0.00,2024-01-27T04:45:08.000-03:00,,,,,,,BRL,"""[]""",,,,,"""{""melipayments"":{""concepts"":[{""detail"":""payment"",""id"":""2806381535"",""type"":""invoice""}],""encoding"":""json""}}""",0,,,,,,,,,1944.87,,,
135,2024-01-27T04:45:08.000-03:00,71110726633,MELIPAYMENTS-COLLECTIONATTEMPT-4686738082024-01-24T17:27:07.370400277,release,reserve_for_debt_payment,267.88,0.00,267.88,0.00,0.00,0.00,0.00,0.00,0.00,1,available_money,,0.00,2024-01-27T04:45:08.000-03:00,,,,,,,BRL,"""[]""",,,,,"""{""melipayments"":{""concepts"":[{""detail"":""payment"",""id"":""2806381535"",""type"":""invoice""}],""encoding"":""json""}}""",0,,,,,,,,,2212.75,,,
136,2024-01-27T04:45:08.000-03:00,71110726633,MELIPAYMENTS-COLLECTIONATTEMPT-4686738082024-01-24T17:27:07.370400277,release,payment,0.00,267.88,-267.88,0.00,0.00,0.00,0.00,0.00,0.00,1,available_money,,0.00,2024-01-27T04:45:08.000-03:00,,,,,,,BRL,"""[]""",,,,,"""{""melipayments"":{""concepts"":[{""detail"":""payment"",""id"":""2806381535"",""type"":""invoice""}],""encoding"":""json""}}""",0.00,,,,,,,,,1944.87,,,
137,2024-01-29T10:40:00.000-03:00,70204334278,2000007329770968,release,payment,1918.83,0.00,2298.00,0.00,-379.17,0.00,0.00,0.00,0.00,1,visa,,0.00,2024-01-08T07:59:15.000-03:00,,,,,,,BRL,"""[]""",42986682647,custom,2000007329770968,,"""{""official_store_id"":null}""",0.00,,441174,,MLB1346937656,,,Mercado Libre, ,3863.70,,,"""""""Bebedouro Refrigerador Industrial Inox 50 Litros C/ Filtro"""""""
138,2024-01-29T11:45:40.000-03:00,71221117339,2000007484539978,release,reserve_for_payment,0.00,131.90,-131.90,0.00,0.00,0.00,0.00,0.00,0.00,1,available_money,,0.00,2024-01-29T11:45:40.000-03:00,,,,,,,BRL,"""[]""",43053442282,me2,2000007484539978,,"""{""official_store_id"":null}""",0,,,,MLB2675513982,,,Mercado Libre, ,3731.80,,878313,"""""""2 Rolos Etiqueta Pimaco Slp Srl 54x101 C/ 340 Etiquetas"""""""
139,2024-01-29T11:45:40.000-03:00,71221117339,2000007484539978,release,reserve_for_payment,131.90,0.00,131.90,0.00,0.00,0.00,0.00,0.00,0.00,1,available_money,,0.00,2024-01-29T11:45:40.000-03:00,,,,,,,BRL,"""[]""",43053442282,me2,2000007484539978,,"""{""official_store_id"":null}""",0,,,,MLB2675513982,,,Mercado Libre, ,3863.70,,878313,"""""""2 Rolos Etiqueta Pimaco Slp Srl 54x101 C/ 340 Etiquetas"""""""
140,2024-01-29T11:45:40.000-03:00,71221117339,2000007484539978,release,payment,0.00,131.90,-131.90,0.00,0.00,0.00,0.00,0.00,0.00,1,available_money,,0.00,2024-01-29T11:45:40.000-03:00,,,,,,,BRL,"""[]""",43053442282,me2,2000007484539978,,"""{""official_store_id"":null}""",0.00,,,,MLB2675513982,,,Mercado Libre, ,3731.80,,878313,"""""""2 Rolos Etiqueta Pimaco Slp Srl 54x101 C/ 340 Etiquetas"""""""
141,2024-01-29T11:48:32.000-03:00,71221303035,2000007484574414,release,reserve_for_payment,0.00,45.10,-45.10,0.00,0.00,0.00,0.00,0.00,0.00,1,available_money,,0.00,2024-01-29T11:48:32.000-03:00,,,,,,,BRL,"""[]""",43053451998,me2,2000007484574414,,"""{""official_store_id"":null}""",0,,,,MLB2782503136,,,Mercado Libre, ,3686.70,,,"""""""Teclado Banson Tech Shertech-802 PortuguÃªs Brasil Cor Preto"""""""
142,2024-01-29T11:48:32.000-03:00,71221303035,2000007484574414,release,reserve_for_payment,45.10,0.00,45.10,0.00,0.00,0.00,0.00,0.00,0.00,1,available_money,,0.00,2024-01-29T11:48:32.000-03:00,,,,,,,BRL,"""[]""",43053451998,me2,2000007484574414,,"""{""official_store_id"":null}""",0,,,,MLB2782503136,,,Mercado Libre, ,3731.80,,,"""""""Teclado Banson Tech Shertech-802 PortuguÃªs Brasil Cor Preto"""""""
143,2024-01-29T11:48:32.000-03:00,71221303035,2000007484574414,release,payment,0.00,45.10,-45.10,0.00,0.00,0.00,0.00,0.00,0.00,1,available_money,,0.00,2024-01-29T11:48:32.000-03:00,,,,,,,BRL,"""[]""",43053451998,me2,2000007484574414,,"""{""official_store_id"":null}""",0.00,,,,MLB2782503136,,,Mercado Libre, ,3686.70,,,"""""""Teclado Banson Tech Shertech-802 PortuguÃªs Brasil Cor Preto"""""""
144,2024-01-29T11:49:42.000-03:00,71221385141,2000007484588030,release,reserve_for_payment,0.00,62.13,-62.13,0.00,0.00,0.00,0.00,0.00,0.00,1,available_money,,0.00,2024-01-29T11:49:42.000-03:00,,,,,,,BRL,"""[]""",43053320601,me2,2000007484588030,,"""{""official_store_id"":2707}""",0,,,,MLB1813860569,,,Mercado Libre, ,3624.57,,556782,"""""""Mouse Logitech M190 Sem Fio Azul"""""""
145,2024-01-29T11:49:42.000-03:00,71221385141,2000007484588030,release,reserve_for_payment,62.13,0.00,62.13,0.00,0.00,0.00,0.00,0.00,0.00,1,available_money,,0.00,2024-01-29T11:49:42.000-03:00,,,,,,,BRL,"""[]""",43053320601,me2,2000007484588030,,"""{""official_store_id"":2707}""",0,,,,MLB1813860569,,,Mercado Libre, ,3686.70,,556782,"""""""Mouse Logitech M190 Sem Fio Azul"""""""
146,2024-01-29T11:49:42.000-03:00,71221385141,2000007484588030,release,payment,0.00,62.13,-62.13,0.00,0.00,0.00,0.00,0.00,0.00,1,available_money,,0.00,2024-01-29T11:49:42.000-03:00,,,,,,,BRL,"""[]""",43053320601,me2,2000007484588030,,"""{""official_store_id"":2707}""",0.00,,,,MLB1813860569,,,Mercado Libre, ,3624.57,,556782,"""""""Mouse Logitech M190 Sem Fio Azul"""""""
147,2024-01-29T13:33:03.000-03:00,,,available_balance,pre_payout_71433007302,3624.57,0.00,3624.57,0.00,0.00,0.00,0.00,0.00,0.00,1,,,0.00,,,,,,,,,,,,,,,,,,,,,,,,3624.57,,,
148,2024-01-29T13:33:06.000-03:00,71433007302,,release,reserve_for_payout,0.00,3624.57,-3624.57,0.00,0.00,0.00,0.00,0.00,0.00,1,available_money,,0.00,2024-01-29T13:33:06.000-03:00,,,,,,,BRL,"""[]""",,,,,"""{}""",0,,,,,,,,,0.00,,,
149,2024-01-29T13:33:08.000-03:00,71433007302,,release,reserve_for_payout,3624.57,0.00,3624.57,0.00,0.00,0.00,0.00,0.00,0.00,1,available_money,,0.00,2024-01-29T13:33:08.000-03:00,,,,,,,BRL,"""[]""",,,,,"""{}""",0,,,,,,,,,3624.57,,,
150,2024-01-29T13:33:08.000-03:00,71433007302,,release,payout,0.00,3624.57,-3624.57,0.00,0.00,0.00,0.00,0.00,0.00,1,available_money,,0.00,2024-01-29T13:33:08.000-03:00,,,,,,,BRL,"""[]""",,,,,"""{}""",0.00,,,,,,,,,0.00,00998944,,
151,2024-01-29T13:33:11.000-03:00,,,available_balance,post_payout_71433007302,0.00,0.00,0.00,0.00,0.00,0.00,0.00,0.00,0.00,1,,,0.00,,,,,,,,,,,,,,,,,,,,,,,,0.00,,,
152,2024-01-29T16:57:16.000-03:00,70108150591,2000007343943856,release,payment,2246.15,0.00,2690.00,0.00,-443.85,0.00,0.00,0.00,0.00,1,master,,0.00,2024-01-09T19:30:53.000-03:00,,,,,,,BRL,"""[]""",42992966044,custom,2000007343943856,,"""{""official_store_id"":null}""",0.00,,552640,,MLB3491287977,,,Mercado Libre, ,2246.15,,,"""""""Bebedouro De Ãgua 100 Litros AÃ§o InoxidÃ¡vel Coluna 100l"""""""
153,2024-01-30T04:40:28.000-03:00,1029993443632,,release,asset_management,1.31,0.00,1.31,0.00,0.00,0.00,0.00,0.00,0.00,1,available_money,,0.00,2024-01-30T04:40:28.000-03:00,,,,,,,BRL,"""[]""",,,,,"""{}""",0.00,,,,,,,,,2247.46,,,
154,2024-01-30T14:47:33.000-03:00,71286631709,2000007494337176,release,reserve_for_payment,0.00,140.99,-140.99,0.00,0.00,0.00,0.00,0.00,0.00,1,available_money,,0.00,2024-01-30T14:47:33.000-03:00,,,,,,,BRL,"""[]""",43057631596,me2,2000007494337176,,"""{""official_store_id"":null}""",0,,,,MLB2762653898,,,Mercado Libre, ,2106.47,,50S2934PVC,"""""""Bota Tenis Botina SeguranÃ§a Nobuck Marluvas Amarrar 50s29"""""""
155,2024-01-30T14:47:33.000-03:00,71286631709,2000007494337176,release,reserve_for_payment,140.99,0.00,140.99,0.00,0.00,0.00,0.00,0.00,0.00,1,available_money,,0.00,2024-01-30T14:47:33.000-03:00,,,,,,,BRL,"""[]""",43057631596,me2,2000007494337176,,"""{""official_store_id"":null}""",0,,,,MLB2762653898,,,Mercado Libre, ,2247.46,,50S2934PVC,"""""""Bota Tenis Botina SeguranÃ§a Nobuck Marluvas Amarrar 50s29"""""""
156,2024-01-30T14:47:33.000-03:00,71286631709,2000007494337176,release,payment,0.00,140.99,-140.99,0.00,0.00,0.00,0.00,0.00,0.00,1,available_money,,0.00,2024-01-30T14:47:33.000-03:00,,,,,,,BRL,"""[]""",43057631596,me2,2000007494337176,,"""{""official_store_id"":null}""",0.00,,,,MLB2762653898,,,Mercado Libre, ,2106.47,,50S2934PVC,"""""""Bota Tenis Botina SeguranÃ§a Nobuck Marluvas Amarrar 50s29"""""""
157,2024-01-31T05:23:27.000-03:00,1030022351774,,release,asset_management,0.76,0.00,0.76,0.00,0.00,0.00,0.00,0.00,0.00,1,available_money,,0.00,2024-01-31T05:23:27.000-03:00,,,,,,,BRL,"""[]""",,,,,"""{}""",0.00,,,,,,,,,2107.23,,,
158,2024-01-31T14:43:02.000-03:00,71346453561,2000007502537616,release,reserve_for_payment,0.00,73.47,-73.47,0.00,0.00,0.00,0.00,0.00,0.00,1,available_money,,0.00,2024-01-31T14:43:02.000-03:00,,,,,,,BRL,"""[]""",43061153818,me2,2000007502537616,,"""{""official_store_id"":null}""",0,,,,MLB4193446312,,,Mercado Libre, ,2033.76,,0060,"""""""Isquueiro Transparente Hiper Bic Caixa C/ 50 Atacado Revenda"""""""
159,2024-01-31T14:43:02.000-03:00,71346453561,2000007502537616,release,reserve_for_payment,73.47,0.00,73.47,0.00,0.00,0.00,0.00,0.00,0.00,1,available_money,,0.00,2024-01-31T14:43:02.000-03:00,,,,,,,BRL,"""[]""",43061153818,me2,2000007502537616,,"""{""official_store_id"":null}""",0,,,,MLB4193446312,,,Mercado Libre, ,2107.23,,0060,"""""""Isquueiro Transparente Hiper Bic Caixa C/ 50 Atacado Revenda"""""""
160,2024-01-31T14:45:03.000-03:00,71346453561,2000007502537616,release,payment,0.00,0.00,0.00,0.00,0.00,0.00,0.00,0.00,0.00,1,available_money,,0.00,2024-01-31T14:45:03.000-03:00,,,,,,,BRL,"""[]""",43061153818,me2,2000007502537616,,"""{""official_store_id"":null}""",0.00,,,,MLB4193446312,,,Mercado Libre, ,2107.23,,0060,"""""""Isquueiro Transparente Hiper Bic Caixa C/ 50 Atacado Revenda"""""""
161,2024-01-31T14:45:26.000-03:00,71346614227,2000007502566616,release,reserve_for_payment,0.00,73.47,-73.47,0.00,0.00,0.00,0.00,0.00,0.00,1,available_money,,0.00,2024-01-31T14:45:26.000-03:00,,,,,,,BRL,"""[]""",43061026115,me2,2000007502566616,,"""{""official_store_id"":null}""",0,,,,MLB4193446312,,,Mercado Libre, ,2033.76,,0060,"""""""Isquueiro Transparente Hiper Bic Caixa C/ 50 Atacado Revenda"""""""
162,2024-01-31T14:45:26.000-03:00,71346614227,2000007502566616,release,reserve_for_payment,73.47,0.00,73.47,0.00,0.00,0.00,0.00,0.00,0.00,1,available_money,,0.00,2024-01-31T14:45:26.000-03:00,,,,,,,BRL,"""[]""",43061026115,me2,2000007502566616,,"""{""official_store_id"":null}""",0,,,,MLB4193446312,,,Mercado Libre, ,2107.23,,0060,"""""""Isquueiro Transparente Hiper Bic Caixa C/ 50 Atacado Revenda"""""""
163,2024-01-31T14:45:26.000-03:00,71346614227,2000007502566616,release,payment,0.00,73.47,-73.47,0.00,0.00,0.00,0.00,0.00,0.00,1,available_money,,0.00,2024-01-31T14:45:26.000-03:00,,,,,,,BRL,"""[]""",43061026115,me2,2000007502566616,,"""{""official_store_id"":null}""",0.00,,,,MLB4193446312,,,Mercado Libre, ,2033.76,,0060,"""""""Isquueiro Transparente Hiper Bic Caixa C/ 50 Atacado Revenda"""""""
164,2024-01-31T18:03:42.000-03:00,,,available_balance,pre_payout_71563143812,2033.76,0.00,2033.76,0.00,0.00,0.00,0.00,0.00,0.00,1,,,0.00,,,,,,,,,,,,,,,,,,,,,,,,2033.76,,,
165,2024-01-31T18:03:45.000-03:00,71563143812,,release,reserve_for_payout,0.00,2033.00,-2033.00,0.00,0.00,0.00,0.00,0.00,0.00,1,available_money,,0.00,2024-01-31T18:03:45.000-03:00,,,,,,,BRL,"""[]""",,,,,"""{}""",0,,,,,,,,,0.76,,,
166,2024-01-31T18:03:47.000-03:00,71563143812,,release,reserve_for_payout,2033.00,0.00,2033.00,0.00,0.00,0.00,0.00,0.00,0.00,1,available_money,,0.00,2024-01-31T18:03:47.000-03:00,,,,,,,BRL,"""[]""",,,,,"""{}""",0,,,,,,,,,2033.76,,,
167,2024-01-31T18:03:47.000-03:00,71563143812,,release,payout,0.00,2033.00,-2033.00,0.00,0.00,0.00,0.00,0.00,0.00,1,available_money,,0.00,2024-01-31T18:03:47.000-03:00,,,,,,,BRL,"""[]""",,,,,"""{}""",0.00,,,,,,,,,0.76,00000000000010082654,,
168,2024-01-31T18:03:50.000-03:00,,,available_balance,post_payout_71563143812,0.76,0.00,0.76,0.00,0.00,0.00,0.00,0.00,0.00,1,,,0.00,,,,,,,,,,,,,,,,,,,,,,,,0.76,,,
169,,,,total,,0.76,0.00,23935.58,0.00,-23934.82,0.00,0.00,0.00,0.00,1,,,0.00,,,,,,,,,,,,,,,,,,,,,,,,0.00,,,
170,,,,,,,,,,,,,,,,,,,,,,,,,,,,,,,,,,,,,,,,,,,,,
